full_name,email,phone
Marin Refford,mrefford0@creativecommons.org,+79321960744
Wilfred Nannetti,+79935095333,dhuiwhdewdwidw@hse.ru
Corty Bailie,cbailie2@theatlantic.com,+79969935751
Uta Kacheler,ukacheler3@pagesperso-orange.fr,phonenumber
Reyna Pavkovic,@yahoo.com,+79011668563
Elsey West,ewest5@sfgate.com,+79807387855
Verna Whichelow,vwhichelow6@zdnet.com,+79746391650
Olenka Osment,oosment7@parallels.com,+79438526604
Kalil Wince,,+79262351568
Antonia Sepey,asepey9@unc.edu,+79951774752
Kiley Humes,khumesa@yellowbook.com,+79601146267
Cobbie Romaines,cromainesb@gizmodo.com,aaaaa
Gilbertina Pevie,gpeviec@whitehouse.gov,+79272487318
Andra Shillabeare,ashillabeared@bloglovin.com,+79186153752
Gorden Darracott,gdarracotte@dailymotion.com,+79332241371
Finley Dominetti,fdominettif@microsoft.com,no
Alphonso Isakovitch,aisakovitchg@cdbaby.com,+79280598165
Tiebold Kubecka,tkubeckah@about.me,+79079182241
Weider Zanussii,,+79306024528
Madelle Dilland,mdillandj@usa.gov,+79220823366
Kaila Maccari,kmaccarik@naver.com,+79248659018
Melanie Grills,mgrillslhuffingtonpost.com,+79962493704
Ty Bordis,tbordism@i2i.jp,+79952604831
Rockie Sellar,rsellarn@washington.edu,+79934924228
Gussi Munnery,gmunneryo@google.com,+79498936100000
Skyler Bennetto,,+79599180799
Cordula Shaxby,cshaxbyq@google.com.hk,+79062184630
Nonnah Leupoldt,nleupoldtr@who.int,+79691349460
Emory Schneidau,eschneidaus@joomla.org,+79045774884
Fernande Stillert,fstillertt@timesonline.co.uk,+7eew9874979270
Felipe Kits,fkitsu@patch.com,+79352808599
Bernie Eykel,beykelv@epa.gov,+79844900170
Glennis Philipps,gphilippsw@vkontakte.,+79235078998
Orran Bonsey,obonseyx@4shared.com,+79014440934
Meggie Gentric,mgentricy@1und1.de,+79796791843
Theodoric Anthill,tanthillz@toplist.cz,+79797023875
Thatcher Saywell,tsaywell10@jiathis.com,+79049050529
Aloysius Dyball,adyball11@amazon.co.jp,+79848049106
Lianne Maystone,lmaystone12@dagondesign.com,+79274322615
Laurianne Hilley,lhilley13@ebay.co.uk,
Julianna Winser,jwinser14@mayoclinic.com,+79469077980
Timothea Guerre,tguerre15@devhub.com,+79310991268
Raviv Vater,rvater16@spiegel.de,+79433858839
Tiff Hugnin,thugnin17@wp.com,+79939505607
Cherrita Kenshole,ckenshole18@vk.com,+79924845842
Dell Summerhayes,dsummerhayes19@multiply.com,+79215095745
Reuben Marklow,no,no
Marcel Maylin,mmaylin1b@mozilla.org,+79403190359
Stephie Vondruska,svondruska1c@mozilla.org,
Candy Carruth,ccarruth1d@woothemes.com,+79472261701
Randall De Vaan,rde1e@pbs.org,+79963203794
Benn Morrall,bmorrall1f@timesonline.co.uk,+79787231265
Liana Nend,lnend1g@spiegel.de,+79034673820
Janaye Herrieven,jherrieven1h@timesonline.co.uk,+7106542637
Bronny Pietrusiak,bpietrusiak1i@earthlink.net,+79209370541
Crissy Goldstein,cgoldstein1j@hatena.ne.jp,+79412622066
Lorrie Delph,ldelph1k@github.com,+79654060430
Lonna Allum,lallum1l@google.com.hk,na
Jervis Enefer,jenefer1m@ibm.com,+79209023015
Anette Farnan,afarnan1n@taobao.com,+79455307021
Friedrich Ockendon,fockendon1o.com,+79465167911
Fred Maynell,fmaynell1p@sciencedaily.com,+79439205768
Austin Shepland,ashepland1q@yale.edu,+79201912585
Lebbie Brundale,lbrundale1r@hostgator.com,+79911418867
Padgett Ziehm,pziehm1s@nytimescom,+79444402466
Carolyn Massow,cmassow1@tmyspacecom,+79336623774
Agna McClarence,amcclarence1u@rakuten.co.jp,+79870866148
Pippo Southern,psouthern1v@1688.com,+79930818803
Tymothy Brassill,tbrassill1w@wunderground.com,+79225541443
Gerianne Kamiyama,gkamiyama1x@csmonitor.com,+79769976458
Engelbert Joburn,ejoburn1y@sphinn.com,+79461947334
Goldie Ketchaside,gketchaside1zva.gov,+79361058170
Nelie Robbey,nrobbey20@technorati.com,+79618574804
Cortie Durran,cdurran21@acquirethisname.com,+79465247694
Moses Avramovitz,mavramovitz22@upenn.edu,+79661170498
Hal Vest,hvest23@cargocollective.com,+79607251190
Camala Ceaplen,cceaplen24@squidoo.com,+79174175015
Alric Lorimer,alorimer25@wikispaces.com,+79433494835
Joly Moorhouse,jmoorhouse26@themeforest.net,+79176753535
Allianora Leyrroyd,aleyrroyd27@washingtonpost.com,+99538895967
Brok Markwelley,bmarkwelley28@behance.net,+79470140191
Rafa Puddin,@epa.gov,+79475708353
Lance Trickey,fjsdfjksdfj,fdshsd32eu328e328
Tommie Cutchie,tcutchie2b@friendfeed.com,+79008121997
D'arcy Rupke,drupke2c@hatena.ne.jp,+79551719728
Conny Ferreira,cferreira2d@theguardian.com,+79126141420
Granthem Pervoe,gpervoe2e@360.cn,+79613800029
Miles Calan,mcalan2f@mapquest.com,+79917949123
Darelle Syalvester,ds+=yalvester2g@usa.gov,+79862195120
Frayda Riby,,+79416130645
Rhett Hendriks,rhendriks2i@fema.gov,+79759622311
Dimitri Sworder,dsworder2j@wsj.com,+79799460880
Alon Noton,,+79812868227
Mohandis Gouthier,mgouthier2l@nationalgeographic.com,+79117864530
Mohammed Deakan,mdeakan2m@over-blog.com,+79575333047
Timofei Denning,tdenning2n@joomla.org867,-79103809891
Marney Altham,maltham2o@w3.org,+79739771056
Haleigh Yegorchenkov,hyegorchenkov2p@wix.com,+79853546104
Christian Cranney,ccranney2q@yahoo.co.jp,+79842426880
Kerwinn Rebeiro,pfdfpsfsfsd,+79921854699
